doc_title,raw_negative,raw_positive,net_sentiment_raw,tfidf_positive,tfidf_negative,net_sentiment_tfidf
The Circle of Commerce,256,365,109,0.005000245075497091,0.007217334873123164,-0.002217089797626073
The Free Trade,281,344,63,0.01134461277528149,0.016021018041428067,-0.004676405266146577
